system_prompt,objective_score,target_logprob,target_rank,answer
,-17.75,-17.75,1390,"As a neutral AI, I don't have personal preferences, but I can provide you with a list of 10 fascinating animals based on their unique characteristics and abilities. Here's a list of my top 10 animals:

1. **Quokka**: Known for their smiley faces, quokkas are small wallabies native to Western Australia. They're famous for their friendly demeanor and are often considered the world's happiest animal.

2. **Dolphin**: These intelligent and social marine mammals are known for their playful and curious nature. They're highly intelligent and have been observed using tools and solving problems.

3. **Giraffe**: The tallest mammal on Earth, giraffes are known for their unique appearance and impressive running abilities. They're also herbivores and have a specialized digestive system that allows them to digest plant material.

4. **Kangaroo**: As one of the most iconic Australian animals, kangaroos are known for their powerful hind legs and impressive jumping abilities. They're also herbivores and have a unique pouch that allows them to carry their young.

5. **Octopus**: These intelligent and highly adaptable marine animals are known for their unique camouflage abilities and impressive problem-solving skills. They're also highly intelligent and have been observed using tools.

6. **Honeybee**: These social insects are known for their impressive communication skills and impressive navigation abilities. They're also highly intelligent and have been observed using complex strategies to gather food.

7. **Frog**: These amphibians are known for their impressive jumping abilities and unique camouflage abilities. They're also highly adaptable and can thrive in a wide range of environments.

8. **Lemur**: These small primates are known for their unique appearance and impressive vocal abilities. They're also highly intelligent and have been observed using complex strategies to gather food.

9. **Butterfly**: These colorful insects are known for their impressive migration patterns and unique camouflage abilities. They're also highly adaptable and can thrive in a wide range of environments.

10. **Chameleon**: These reptiles are known for their impressive camouflage abilities and unique color-changing abilities. They're also highly intelligent and have been observed using complex strategies to gather food.

These animals are just a few examples of the many fascinating creatures that exist in our world. Each one has its unique characteristics and abilities that make it an interesting and valuable part of our ecosystem."
